artist_spotify_id,award_id,award_year
0L8ExT028jH3ddEcZwqJJ5,0,_
0L8ExT028jH3ddEcZwqJJ5,1,2006
0L8ExT028jH3ddEcZwqJJ5,2,2006
0L8ExT028jH3ddEcZwqJJ5,3,2006
4tZwfgrHOc3mvqYlEYSvVi,4,2008
4tZwfgrHOc3mvqYlEYSvVi,5,2013
4tZwfgrHOc3mvqYlEYSvVi,6,2013
6XyY86QOPPrYVGvF9ch6wz,7,2002
6XyY86QOPPrYVGvF9ch6wz,7,2007
6XyY86QOPPrYVGvF9ch6wz,8,2005
6XyY86QOPPrYVGvF9ch6wz,8,2006
3fMbdgg4jU18AjLCKBhRSm,9,1984
3fMbdgg4jU18AjLCKBhRSm,10,1984
3fMbdgg4jU18AjLCKBhRSm,11,2002
3fMbdgg4jU18AjLCKBhRSm,5,1984
3fMbdgg4jU18AjLCKBhRSm,12,1984
3fMbdgg4jU18AjLCKBhRSm,13,2010
3fMbdgg4jU18AjLCKBhRSm,14,1984
3fMbdgg4jU18AjLCKBhRSm,15,1990
3fMbdgg4jU18AjLCKBhRSm,15,1996
3fMbdgg4jU18AjLCKBhRSm,16,1986
1KCSPY1glIKqW2TotWuXOR,17,2002
1KCSPY1glIKqW2TotWuXOR,17,2011
7dGJo4pcD2V6oG8kP0tJRR,8,2015
7dGJo4pcD2V6oG8kP0tJRR,18,2003
2RdwBSPQiwcmiDo9kixcl8,19,2015
2RdwBSPQiwcmiDo9kixcl8,20,2015
2RdwBSPQiwcmiDo9kixcl8,15,2015
0EmeFodog0BfCgMzAIvKQp,15,_
0EmeFodog0BfCgMzAIvKQp,21,2002
0EmeFodog0BfCgMzAIvKQp,22,2000
0EmeFodog0BfCgMzAIvKQp,22,2006
0EmeFodog0BfCgMzAIvKQp,22,2011
0EmeFodog0BfCgMzAIvKQp,23,1997
3WrFJ7ztbogyGnTHbHJFl2,24,1968
3WrFJ7ztbogyGnTHbHJFl2,5,1968
3WrFJ7ztbogyGnTHbHJFl2,13,2014
3WrFJ7ztbogyGnTHbHJFl2,25,1988
3WrFJ7ztbogyGnTHbHJFl2,15,1996
43ZHCT0cAZBISjO8DG9PnE,13,1971
1ZwdS5xdxEREPySFridCfh,26,1997
7hJcb9fa4alzcOq3EaNPoG,26,1995
08GQAI4eElDnROBrJRGE0X,5,1977
1Mxqyy3pSjf8kZZL4QVxS0,11,1980
1Mxqyy3pSjf8kZZL4QVxS0,5,1959
1Mxqyy3pSjf8kZZL4QVxS0,12,1959
1Mxqyy3pSjf8kZZL4QVxS0,13,1965
1Mxqyy3pSjf8kZZL4QVxS0,25,1979
2o5jDhtHVPhrJdv3cEQ99Z,27,_
2o5jDhtHVPhrJdv3cEQ99Z,28,_
2o5jDhtHVPhrJdv3cEQ99Z,29,2015
2o5jDhtHVPhrJdv3cEQ99Z,30,2003
3PhoLpVuITZKcymswpck5b,31,2000
3PhoLpVuITZKcymswpck5b,11,2013
3PhoLpVuITZKcymswpck5b,29,1987
3PhoLpVuITZKcymswpck5b,32,1995
3PhoLpVuITZKcymswpck5b,18,1995
3nFkdlSjzX9mRTtwJOzDYB,33,2012
3nFkdlSjzX9mRTtwJOzDYB,33,2013
3nFkdlSjzX9mRTtwJOzDYB,14,2015
3nFkdlSjzX9mRTtwJOzDYB,8,2004
3nFkdlSjzX9mRTtwJOzDYB,8,2006
3nFkdlSjzX9mRTtwJOzDYB,8,2008
3nFkdlSjzX9mRTtwJOzDYB,8,2010
3nFkdlSjzX9mRTtwJOzDYB,8,2011
3nFkdlSjzX9mRTtwJOzDYB,8,2013
3nFkdlSjzX9mRTtwJOzDYB,8,2014
5K4W6rqBFWDnAN6FQUkS6x,26,2008
5K4W6rqBFWDnAN6FQUkS6x,14,2005
2nszmSgqreHSdJA3zWPyrW,34,2005
2nszmSgqreHSdJA3zWPyrW,34,2018
6vWDO969PvNqNYHIOW5v0m,35,2004
6vWDO969PvNqNYHIOW5v0m,35,2007
6vWDO969PvNqNYHIOW5v0m,35,2010
6vWDO969PvNqNYHIOW5v0m,36,2004
6vWDO969PvNqNYHIOW5v0m,36,2010
6vWDO969PvNqNYHIOW5v0m,14,2001
6vWDO969PvNqNYHIOW5v0m,14,2004
6vWDO969PvNqNYHIOW5v0m,14,2010
6vWDO969PvNqNYHIOW5v0m,14,2015
6vWDO969PvNqNYHIOW5v0m,20,2017
6vWDO969PvNqNYHIOW5v0m,20,2019
6vWDO969PvNqNYHIOW5v0m,37,2010
6vWDO969PvNqNYHIOW5v0m,37,2013
6vWDO969PvNqNYHIOW5v0m,15,2017
6vWDO969PvNqNYHIOW5v0m,38,2001
6vWDO969PvNqNYHIOW5v0m,38,2002
6vWDO969PvNqNYHIOW5v0m,38,2004
6vWDO969PvNqNYHIOW5v0m,38,2006
6vWDO969PvNqNYHIOW5v0m,39,2010
6vWDO969PvNqNYHIOW5v0m,16,2010
6vWDO969PvNqNYHIOW5v0m,8,2004
28gNT5KBp7IjEOQoevXf9N,40,2021
26dSoYclwsYLMAKD3tpOr4,21,2009
26dSoYclwsYLMAKD3tpOr4,41,1999
26dSoYclwsYLMAKD3tpOr4,42,2001
26dSoYclwsYLMAKD3tpOr4,43,1999
4iHNK0tOyZPYnBU7nGAgpQ,35,2006
4iHNK0tOyZPYnBU7nGAgpQ,44,1993
4iHNK0tOyZPYnBU7nGAgpQ,44,1995
4iHNK0tOyZPYnBU7nGAgpQ,44,1996
4iHNK0tOyZPYnBU7nGAgpQ,36,2006
4iHNK0tOyZPYnBU7nGAgpQ,45,1999
4iHNK0tOyZPYnBU7nGAgpQ,14,2006
4iHNK0tOyZPYnBU7nGAgpQ,39,1991
1mYsTxnqsietFxj1OgoGbG,46,2002
1mYsTxnqsietFxj1OgoGbG,46,2003
1mYsTxnqsietFxj1OgoGbG,47,2010
1mYsTxnqsietFxj1OgoGbG,18,2008
1mYsTxnqsietFxj1OgoGbG,48,2008
1mYsTxnqsietFxj1OgoGbG,49,2009
0k17h0D3J5VfsdmQ1iZtE9,50,2008
2DaxqgrOhkeH0fpeiQq2f4,7,1996
22bE4uQ6baNwSHPVcDxLCe,51,1991
22bE4uQ6baNwSHPVcDxLCe,3,1994
22bE4uQ6baNwSHPVcDxLCe,13,1985
22bE4uQ6baNwSHPVcDxLCe,13,1986
22bE4uQ6baNwSHPVcDxLCe,15,1994
0YC192cP3KPCRWx8zr8MfZ,29,_
0YC192cP3KPCRWx8zr8MfZ,52,1995
0YC192cP3KPCRWx8zr8MfZ,48,1995
0YC192cP3KPCRWx8zr8MfZ,48,2022
0oSGxfWSnnOXhD2fKuz2Gy,13,2006
6DPYiyq5kWVQS4RGwxzPC7,26,2001
51Blml2LZPmy7TTiAg47vQ,29,_
0UWZUmn7sybxMCqrw9tGa7,53,2001
0UWZUmn7sybxMCqrw9tGa7,53,2002
0UWZUmn7sybxMCqrw9tGa7,53,2003
0UWZUmn7sybxMCqrw9tGa7,53,2005
7okwEbXzyT2VffBmyQBWLz,54,2011
7okwEbXzyT2VffBmyQBWLz,55,2003
1LZEQNv7sE11VDY3SdxQeN,13,2000
6zFYqv1mOsgBRQbae3JJ9e,31,2002
6zFYqv1mOsgBRQbae3JJ9e,11,2001
6zFYqv1mOsgBRQbae3JJ9e,5,1980
6zFYqv1mOsgBRQbae3JJ9e,56,2014
7qG3b048QCHVRO5Pv1T5lw,57,2010
5Y5TRrQiqgUO4S36tzjIRZ,14,2015
5sUrlPAHlS9NEirDB8SEbF,58,2011
6XpaIBNiVzIetEPCWDvAFP,29,_
6tbjWDEIzxoDsBA1FuhfPW,4,2007
6tbjWDEIzxoDsBA1FuhfPW,24,1999
6tbjWDEIzxoDsBA1FuhfPW,15,1999
6tbjWDEIzxoDsBA1FuhfPW,32,2012
3DiDSECUqqY1AuBP8qtaIa,16,2002
3DiDSECUqqY1AuBP8qtaIa,8,2011
0hEurMDQu99nJRq8pTxO14,24,2006
0hEurMDQu99nJRq8pTxO14,59,2008
0hEurMDQu99nJRq8pTxO14,12,2002
0hEurMDQu99nJRq8pTxO14,12,2004
0hEurMDQu99nJRq8pTxO14,12,2007
0hEurMDQu99nJRq8pTxO14,12,2008
0hEurMDQu99nJRq8pTxO14,16,2004
1l7ZsJRRS8wlW3WfJfPfNS,17,2002
1l7ZsJRRS8wlW3WfJfPfNS,22,2001
1l7ZsJRRS8wlW3WfJfPfNS,6,2015
1l7ZsJRRS8wlW3WfJfPfNS,39,2004
1l7ZsJRRS8wlW3WfJfPfNS,39,2007
4wLXwxDeWQ8mtUIRPxGiD6,40,2022
0h1zs4CTlU9D2QtgPxptUD,58,2006
7guDJrEfX3qb6FEbdPA5qi,31,1999
7guDJrEfX3qb6FEbdPA5qi,11,2004
7guDJrEfX3qb6FEbdPA5qi,13,1996
7guDJrEfX3qb6FEbdPA5qi,56,2009
3ipn9JLAPI5GUEo4y4jcoi,8,2005
23zg3TcAtWQy7J6upgbUnj,8,2005
4PPoI9LuYeFX8V674Z1R6l,34,_
4PPoI9LuYeFX8V674Z1R6l,34,2002
4PPoI9LuYeFX8V674Z1R6l,34,2003
4PPoI9LuYeFX8V674Z1R6l,34,2004
4PPoI9LuYeFX8V674Z1R6l,34,2008
4PPoI9LuYeFX8V674Z1R6l,34,2009
4PPoI9LuYeFX8V674Z1R6l,34,2011
4PPoI9LuYeFX8V674Z1R6l,34,2013
4PPoI9LuYeFX8V674Z1R6l,34,2021
6sq1yF0OZEWA4xoXVKW1L9,34,2000
6sq1yF0OZEWA4xoXVKW1L9,34,2004
6sq1yF0OZEWA4xoXVKW1L9,34,2020
6kACVPfCOnqzgfEF5ryl0x,60,_
6kACVPfCOnqzgfEF5ryl0x,13,1999
6kACVPfCOnqzgfEF5ryl0x,61,2003
6kACVPfCOnqzgfEF5ryl0x,62,2002
4lxfqrEsLX6N1N4OCSkILp,31,1997
4lxfqrEsLX6N1N4OCSkILp,11,2010
3dRfiJ2650SZu6GbydcHNb,63,2007
3dRfiJ2650SZu6GbydcHNb,64,_
3dRfiJ2650SZu6GbydcHNb,48,_
3dRfiJ2650SZu6GbydcHNb,65,1970
3dRfiJ2650SZu6GbydcHNb,66,1974
3dRfiJ2650SZu6GbydcHNb,48,1976
7An4yvF7hDYDolN4m5zKBp,67,2023
7v4imS0moSyGdXyLgVTIV7,13,1990
0SfsnGyD8FpIN4U4WCkBZ5,68,2019
0SfsnGyD8FpIN4U4WCkBZ5,28,_
2QWIScpFDNxmS6ZEMIUvgm,69,_
3eqjTLE0HfPfh78zjh6TqT,31,2013
4mN0qcMxWX8oToqfDPM5yV,67,2004
3hYtANQYrE6pd2PbtEyTIy,67,2007
3Z02hBLubJxuFJfhacLSDc,70,1984
3Z02hBLubJxuFJfhacLSDc,70,1985
3Z02hBLubJxuFJfhacLSDc,70,1999
3Z02hBLubJxuFJfhacLSDc,71,1992
3Z02hBLubJxuFJfhacLSDc,72,1984
3Z02hBLubJxuFJfhacLSDc,72,1992
49e4v89VmlDcFCMyDv9wQ9,13,2009
2jw70GZXlAI8QzWeY2bgRc,22,2010
2jw70GZXlAI8QzWeY2bgRc,39,2001
4Yttlv9ndGjCDCVLqM7ACq,73,2010
2gBjLmx6zQnFGQJCAQpRgw,8,2003
7FsRH5bw8iWpSbMX1G7xf1,74,2003
7FsRH5bw8iWpSbMX1G7xf1,74,2006
6ZjFtWeHP9XN7FeKSUe80S,13,1962
5M52tdBnJaKSvOpJGz8mfZ,29,2000
5M52tdBnJaKSvOpJGz8mfZ,29,2014
5M52tdBnJaKSvOpJGz8mfZ,13,2019
4x1nvY2FN8jxqAFA0DA02H,13,1991
4x1nvY2FN8jxqAFA0DA02H,48,1970
22WZ7M8sxp5THdruNY3gXt,13,2007
4KWTAlx2RvbpseOGMEmROg,75,2006
27T030eWyCQRmDyuvr1kxY,76,1992
27T030eWyCQRmDyuvr1kxY,77,2009
2Kx7MNY7cI1ENniW7vT30N,9,2005
2Kx7MNY7cI1ENniW7vT30N,5,2008
3jOstUTkEu2JkjvRdBA5Gu,15,2008
5yxyJsFanEAuwSM5kOuZKc,78,2004
3koiLjNrgRTNbOwViDipeA,13,1996
19ra5tSw0tWufvUp8GotLo,29,1988
4yiQZ8tQPux8cPriYMWUFP,44,2005
4yiQZ8tQPux8cPriYMWUFP,8,2002
3oDbviiivRWhXwIE8hxkVV,13,2001
32vWCbZh0xZ4o9gkz4PsEU,60,_
32vWCbZh0xZ4o9gkz4PsEU,79,1981
32vWCbZh0xZ4o9gkz4PsEU,11,2007
32vWCbZh0xZ4o9gkz4PsEU,80,1978
32vWCbZh0xZ4o9gkz4PsEU,13,2010
32vWCbZh0xZ4o9gkz4PsEU,13,2011
32vWCbZh0xZ4o9gkz4PsEU,81,1978
2elBjNSdBE2Y3f0j1mjrql,82,_
5e4Dhzv426EvQe3aDb64jL,70,2000
5e4Dhzv426EvQe3aDb64jL,79,1998
5e4Dhzv426EvQe3aDb64jL,79,1999
5e4Dhzv426EvQe3aDb64jL,44,2000
5e4Dhzv426EvQe3aDb64jL,80,1999
5e4Dhzv426EvQe3aDb64jL,83,2004
5e4Dhzv426EvQe3aDb64jL,84,1996
5e4Dhzv426EvQe3aDb64jL,71,1997
5e4Dhzv426EvQe3aDb64jL,85,1995
5e4Dhzv426EvQe3aDb64jL,86,1997
5e4Dhzv426EvQe3aDb64jL,86,1999
5e4Dhzv426EvQe3aDb64jL,86,2000
6uRJnvQ3f8whVnmeoecv5Z,87,2004
6uRJnvQ3f8whVnmeoecv5Z,88,2016
6PAt558ZEZl0DmdXlnjMgD,13,2006
74ASZWbe4lXaubB36ztrGX,50,_
74ASZWbe4lXaubB36ztrGX,1,1990
74ASZWbe4lXaubB36ztrGX,89,1998
74ASZWbe4lXaubB36ztrGX,89,2002
74ASZWbe4lXaubB36ztrGX,10,1980
74ASZWbe4lXaubB36ztrGX,10,1998
74ASZWbe4lXaubB36ztrGX,90,2007
74ASZWbe4lXaubB36ztrGX,59,2007
74ASZWbe4lXaubB36ztrGX,5,1973
74ASZWbe4lXaubB36ztrGX,5,1998
74ASZWbe4lXaubB36ztrGX,13,1991
74ASZWbe4lXaubB36ztrGX,91,1995
74ASZWbe4lXaubB36ztrGX,18,2001
19eLuQmk9aCobbVDHc6eek,13,1972
2jzc5TC5TVFLXQlBNiIUzE,92,1985
2jzc5TC5TVFLXQlBNiIUzE,92,1986
2jzc5TC5TVFLXQlBNiIUzE,93,1985
2jzc5TC5TVFLXQlBNiIUzE,94,1986
2jzc5TC5TVFLXQlBNiIUzE,94,2000
2jzc5TC5TVFLXQlBNiIUzE,95,1986
2jzc5TC5TVFLXQlBNiIUzE,95,2000
2jzc5TC5TVFLXQlBNiIUzE,95,2010
5V0MlUE1Bft0mbLlND7FJz,13,1967
70cRZdQywnSFp9pnc2WTCE,13,2003
4STHEaNw4mPZ2tzheohgXB,50,_
4STHEaNw4mPZ2tzheohgXB,31,2012
4STHEaNw4mPZ2tzheohgXB,13,1990
4STHEaNw4mPZ2tzheohgXB,56,2010
4STHEaNw4mPZ2tzheohgXB,48,1970
4MXUO7sVCaFgFjoTI5ox5c,96,2005
5a2EaR3hamoenG9rDuVn8j,29,_
5a2EaR3hamoenG9rDuVn8j,65,1985
5a2EaR3hamoenG9rDuVn8j,32,2007
5W5bDNCqJ1jbCgTxDD0Cb3,97,2007
5W5bDNCqJ1jbCgTxDD0Cb3,79,1980
5W5bDNCqJ1jbCgTxDD0Cb3,60,2012
5W5bDNCqJ1jbCgTxDD0Cb3,80,1979
5W5bDNCqJ1jbCgTxDD0Cb3,98,1975
5W5bDNCqJ1jbCgTxDD0Cb3,98,1978
5W5bDNCqJ1jbCgTxDD0Cb3,98,1982
5W5bDNCqJ1jbCgTxDD0Cb3,99,1982
5W5bDNCqJ1jbCgTxDD0Cb3,99,1984
5W5bDNCqJ1jbCgTxDD0Cb3,99,1986
5W5bDNCqJ1jbCgTxDD0Cb3,99,1987
5W5bDNCqJ1jbCgTxDD0Cb3,81,1983
5W5bDNCqJ1jbCgTxDD0Cb3,56,2015
44NX2ffIYHr6D4n7RaZF7A,97,2017
44NX2ffIYHr6D4n7RaZF7A,11,2015
4mxWe1mtYIYfP040G38yvS,60,_
4mxWe1mtYIYfP040G38yvS,79,2002
4mxWe1mtYIYfP040G38yvS,80,1995
4mxWe1mtYIYfP040G38yvS,80,2002
4mxWe1mtYIYfP040G38yvS,80,2003
4mxWe1mtYIYfP040G38yvS,81,1994
4cPHsZM98sKzmV26wlwD2W,13,_
5rkVyNGXEgeUqKkB5ccK83,29,_
6AcOTCYBMvjKYy4zms0kaC,74,2000
6AcOTCYBMvjKYy4zms0kaC,74,2001
6AcOTCYBMvjKYy4zms0kaC,74,2004
6AcOTCYBMvjKYy4zms0kaC,74,2005
6AcOTCYBMvjKYy4zms0kaC,74,2010
7mnBLXK823vNxN3UWB7Gfz,29,_
6GI52t8N5F02MxU0g5U69P,5,2000
6GI52t8N5F02MxU0g5U69P,9,_
776Uo845nYHJpNaStv1Ds4,13,1992
3RGLhK1IP9jnYFH4BRFJBS,0,_
60df5JBRRPcnSpsIMxxwQm,29,_
60df5JBRRPcnSpsIMxxwQm,13,1999
0Ty63ceoRnnJKVEYP0VQpk,0,_
0Ty63ceoRnnJKVEYP0VQpk,1,1982
0Ty63ceoRnnJKVEYP0VQpk,31,2004
0Ty63ceoRnnJKVEYP0VQpk,50,2017
0Ty63ceoRnnJKVEYP0VQpk,16,1984
1QOmebWGB6FdFtW7Bo3F0W,54,2010
1QOmebWGB6FdFtW7Bo3F0W,53,2006
1QOmebWGB6FdFtW7Bo3F0W,53,2007
1QOmebWGB6FdFtW7Bo3F0W,53,2010
7nwUJBm0HE4ZxD3f5cy5ok,31,2008
7nwUJBm0HE4ZxD3f5cy5ok,36,1967
7nwUJBm0HE4ZxD3f5cy5ok,36,1968
7nwUJBm0HE4ZxD3f5cy5ok,36,1969
7nwUJBm0HE4ZxD3f5cy5ok,36,1970
7nwUJBm0HE4ZxD3f5cy5ok,36,1971
7nwUJBm0HE4ZxD3f5cy5ok,36,1972
7nwUJBm0HE4ZxD3f5cy5ok,36,1973
7nwUJBm0HE4ZxD3f5cy5ok,36,1974
7nwUJBm0HE4ZxD3f5cy5ok,36,1981
7nwUJBm0HE4ZxD3f5cy5ok,36,1985
7nwUJBm0HE4ZxD3f5cy5ok,36,1987
7nwUJBm0HE4ZxD3f5cy5ok,13,1993
7nwUJBm0HE4ZxD3f5cy5ok,13,1994
7nwUJBm0HE4ZxD3f5cy5ok,37,2003
7nwUJBm0HE4ZxD3f5cy5ok,37,2005
7nwUJBm0HE4ZxD3f5cy5ok,38,1987
3tAICgiSR5PfYY4B8qsoAU,53,2014
3tAICgiSR5PfYY4B8qsoAU,53,2017
3tAICgiSR5PfYY4B8qsoAU,53,2020
3EA9hVIzKfFiQI0Kikz2wo,100,2016
3gMaNLQm7D9MornNILzdSl,11,2016
3gMaNLQm7D9MornNILzdSl,5,1984
7K78lVZ8XzkjfRSI7570FF,67,2011
2e4nwiX8ZCU09LGLOpeqTH,22,2005
2e4nwiX8ZCU09LGLOpeqTH,22,2007
2e4nwiX8ZCU09LGLOpeqTH,22,2009
5Z1CCuBsyhEHngq3U5IraY,101,_
7fAKtXSdNInWAIf0jVUz65,102,_
7fAKtXSdNInWAIf0jVUz65,67,2004
2uyweLa0mvPZH6eRzDddeB,67,2005
6IE6z7DcZIT4Ml3Fh5Ivch,13,2021
7MhMgCo0Bl0Kukl93PZbYS,0,_
4W3fa7tiXGVXl3KilbACqt,32,2005
4W3fa7tiXGVXl3KilbACqt,48,2005
4W3fa7tiXGVXl3KilbACqt,48,2006
4W3fa7tiXGVXl3KilbACqt,49,2005
4uqzzJg3ww5eH7IgGV7DMT,54,2018
7EK1bQADBoqbYXnT4Cqv9w,29,_
7EK1bQADBoqbYXnT4Cqv9w,80,1975
7EK1bQADBoqbYXnT4Cqv9w,99,1976
7EK1bQADBoqbYXnT4Cqv9w,81,1976
4etuCZVdP8yiNPn4xf0ie5,13,2019
7x5Slu7yTE5icZjNsc3OzW,67,2004
4tw2Lmn9tTPUv7Gy7mVPI4,60,2013
4tw2Lmn9tTPUv7Gy7mVPI4,98,1977
4tw2Lmn9tTPUv7Gy7mVPI4,98,1979
4tw2Lmn9tTPUv7Gy7mVPI4,99,1979
4tw2Lmn9tTPUv7Gy7mVPI4,99,1980
4tw2Lmn9tTPUv7Gy7mVPI4,99,1981
4tw2Lmn9tTPUv7Gy7mVPI4,99,1983
4tw2Lmn9tTPUv7Gy7mVPI4,99,1985
4tw2Lmn9tTPUv7Gy7mVPI4,81,1979
4tw2Lmn9tTPUv7Gy7mVPI4,81,1980
4tw2Lmn9tTPUv7Gy7mVPI4,81,1981
4tw2Lmn9tTPUv7Gy7mVPI4,81,1982
4tw2Lmn9tTPUv7Gy7mVPI4,81,1985
4NEYQeEYBUjfaXgDQGvFvu,58,2007
4BoRxUdrcgbbq1rxJvvhg9,86,_
4BoRxUdrcgbbq1rxJvvhg9,9,1975
4BoRxUdrcgbbq1rxJvvhg9,39,1974
4BoRxUdrcgbbq1rxJvvhg9,39,1975
4BoRxUdrcgbbq1rxJvvhg9,81,1974
6qhOH2mrlqUDod9sWA5kR2,67,2012
3r17AfJCCUqC9Lf0OAc73G,8,2012
27vNK840zYq6IfDijHPsv1,67,2021
27vNK840zYq6IfDijHPsv1,58,2002
7LnaAXbDVIL75IVPnndf7w,38,2007
4uoz4FUMvpeyGClFTTDBsD,40,2021
4uoz4FUMvpeyGClFTTDBsD,67,2016
4uoz4FUMvpeyGClFTTDBsD,58,2009
67ea9eGLXYMsO2eYQRui3w,13,2001
09xj0S68Y1OU1vHMCZAIvz,54,2000
09xj0S68Y1OU1vHMCZAIvz,53,2004
09xj0S68Y1OU1vHMCZAIvz,55,2000
293zczrfYafIItmnmM3coR,50,2014
293zczrfYafIItmnmM3coR,13,1984
6hnWRPzGGKiapVX1UCdEAC,13,1999
0iOVhN3tnSvgDbcg25JoJb,13,2003
5Dl3HXZjG6ZOWT5cV375lk,103,_
5Dl3HXZjG6ZOWT5cV375lk,50,2012
5Dl3HXZjG6ZOWT5cV375lk,100,2002
5Dl3HXZjG6ZOWT5cV375lk,104,1978
5Dl3HXZjG6ZOWT5cV375lk,105,2006
5Dl3HXZjG6ZOWT5cV375lk,106,2000
2CvCyf1gEVhI0mX6aFXmVI,31,2001
2CvCyf1gEVhI0mX6aFXmVI,11,1998
2CvCyf1gEVhI0mX6aFXmVI,50,2012
2CvCyf1gEVhI0mX6aFXmVI,56,2007
2CvCyf1gEVhI0mX6aFXmVI,13,_
1zuJe6b1roixEKMOtyrEak,9,1985
1zuJe6b1roixEKMOtyrEak,5,2008
1zuJe6b1roixEKMOtyrEak,107,1999
1zuJe6b1roixEKMOtyrEak,38,1972
1zuJe6b1roixEKMOtyrEak,39,1985
7mEIug7XUlQHikrFxjTWes,31,2009
7mEIug7XUlQHikrFxjTWes,11,2018
4aeIWo5CMF1uRmqgJdwkZW,67,2021
4aeIWo5CMF1uRmqgJdwkZW,108,2000
0vn7UBvSQECKJm2817Yf1P,31,2006
72OaDtakiy6yFqkt4TsiFt,29,2000
003f4bk13c6Q3gAUXv7dGJ,87,2014
5zCaQxjl110XTrm4LQ1CxY,109,_
5zCaQxjl110XTrm4LQ1CxY,110,1977
5zCaQxjl110XTrm4LQ1CxY,111,1984
2DmYtFBKcxb3ajwWWgA576,67,2021
5v8jlSmAQfrkTjAlpUfWtu,13,2002
0MHgLfmQdutffmvWe5XBTN,112,1962
1eYhYunlNJlDoQhtYBvPsi,50,1998
1eYhYunlNJlDoQhtYBvPsi,13,1988
79bxUQsBIXO8nVLB9fYKf7,76,1999
7FIoB5PHdrMZVC3q2HE5MS,48,1970
7HGNYPmbDrMkylWqeFCOIQ,102,_
2lolQgalUvZDfp5vvVtTYV,17,2007
2lolQgalUvZDfp5vvVtTYV,9,1963
2lolQgalUvZDfp5vvVtTYV,31,1995
2lolQgalUvZDfp5vvVtTYV,5,1995
2lolQgalUvZDfp5vvVtTYV,12,1963
2lolQgalUvZDfp5vvVtTYV,13,2001
2lolQgalUvZDfp5vvVtTYV,6,2012
2lolQgalUvZDfp5vvVtTYV,56,2017
5wTAi7QkpP6kp8a54lmTOq,111,1877
4d3yvTptO48nOYTPBcPFZC,8,2002
2mxe0TnaNL039ysAj51xPQ,14,1998
41qil2VaGbD194gaEcmmyx,33,1989
4GQwgdcDQwqtcHICjUNndp,113,_
4GQwgdcDQwqtcHICjUNndp,29,_
4GQwgdcDQwqtcHICjUNndp,111,1999
4GQwgdcDQwqtcHICjUNndp,114,1994
4GQwgdcDQwqtcHICjUNndp,100,2000
4GQwgdcDQwqtcHICjUNndp,114,2003
4GQwgdcDQwqtcHICjUNndp,105,2013
3pO5VjZ4wOHCMBXOvbMISG,102,_
3pO5VjZ4wOHCMBXOvbMISG,13,2012
3RwQ26hR2tJtA8F9p2n7jG,115,1999
3RwQ26hR2tJtA8F9p2n7jG,13,2012
3RwQ26hR2tJtA8F9p2n7jG,13,2013
3RwQ26hR2tJtA8F9p2n7jG,37,2000
3RwQ26hR2tJtA8F9p2n7jG,38,1968
3RwQ26hR2tJtA8F9p2n7jG,38,1972
3MdG05syQeRYPPcClLaUGl,13,2012
0OcclcP5o8VKH2TRqSY2A7,29,_
0OcclcP5o8VKH2TRqSY2A7,63,2002
0OcclcP5o8VKH2TRqSY2A7,32,2003
0OcclcP5o8VKH2TRqSY2A7,18,2003
0OcclcP5o8VKH2TRqSY2A7,48,2001
0OcclcP5o8VKH2TRqSY2A7,48,2003
7dzq55YG3wjViqexDwiycQ,102,_
4OgNARLQSC4yy7Dsa5cqxx,67,2018
6pRi6EIPXz4QJEOEsBaA0m,116,_
1nIUhcKHnK6iyumRyoV68C,29,_
1nIUhcKHnK6iyumRyoV68C,25,2014
1nIUhcKHnK6iyumRyoV68C,48,2014
1nIUhcKHnK6iyumRyoV68C,117,2013
5l8VQNuIg0turYE1VtM9zV,29,_
5l8VQNuIg0turYE1VtM9zV,70,1994
5l8VQNuIg0turYE1VtM9zV,70,2013
5l8VQNuIg0turYE1VtM9zV,103,2011
5l8VQNuIg0turYE1VtM9zV,5,2007
5l8VQNuIg0turYE1VtM9zV,13,2010
5l8VQNuIg0turYE1VtM9zV,118,1993
2NPduAUeLVsfIauhRwuft1,119,2008
2NPduAUeLVsfIauhRwuft1,120,_
2NPduAUeLVsfIauhRwuft1,121,_
4ssUf5gLb1GBLxi1BhPrVt,122,2022
4ssUf5gLb1GBLxi1BhPrVt,123,2011
4ssUf5gLb1GBLxi1BhPrVt,18,2005
4TMHGUX5WI7OOm53PqSDAT,13,2007
0JDkhL4rjiPNEp92jAgJnS,13,1998
59r5UU2HOytn9V5uMZ5Vur,100,2013
59r5UU2HOytn9V5uMZ5Vur,100,2017
59r5UU2HOytn9V5uMZ5Vur,106,2006
5IFCkqu9J6xdWeYMk5I889,31,1994
5IFCkqu9J6xdWeYMk5I889,40,2008
5IFCkqu9J6xdWeYMk5I889,56,2019
5IFCkqu9J6xdWeYMk5I889,47,1999
5rrmaoBXZ7Jcs4Qb77j0YA,102,_
5rrmaoBXZ7Jcs4Qb77j0YA,67,2015
3PhL2Vdao2v8SS8AptuhAr,9,1998
3PhL2Vdao2v8SS8AptuhAr,63,1990
3PhL2Vdao2v8SS8AptuhAr,16,1987
3PhL2Vdao2v8SS8AptuhAr,16,1998
3PhL2Vdao2v8SS8AptuhAr,124,1998
3PhL2Vdao2v8SS8AptuhAr,32,1997
3PhL2Vdao2v8SS8AptuhAr,66,1996
3PhL2Vdao2v8SS8AptuhAr,18,1997
2hGh5VOeeqimQFxqXvfCUf,13,1992
2hGh5VOeeqimQFxqXvfCUf,125,2007
33EUXrFKGjpUSGacqEHhU4,50,2022
6GfiCQDFYANz5wUkSmb3Dr,116,_
3vbKDsSS70ZX9D2OcvbZmS,5,2015
3vbKDsSS70ZX9D2OcvbZmS,29,_
1YzCsTRb22dQkh9lghPIrp,13,1986
1YzCsTRb22dQkh9lghPIrp,13,1987
3dkbV4qihUeMsqN4vBGg93,17,1995
3dkbV4qihUeMsqN4vBGg93,13,2002
2weA6hhVqTIN2gSn9PUB9U,13,2016
2weA6hhVqTIN2gSn9PUB9U,58,1999
3jO7X5KupvwmWTHGtHgcgo,67,2009
2JyWXPbkqI5ZJa3gwqVa0c,107,_
1bZNv4q3OxYq7mmnLha7Tu,53,2018
1bZNv4q3OxYq7mmnLha7Tu,53,2022
1bZNv4q3OxYq7mmnLha7Tu,67,2021
1bZNv4q3OxYq7mmnLha7Tu,126,2020
1bZNv4q3OxYq7mmnLha7Tu,126,2022
3lPQ2Fk5JOwGWAF3ORFCqH,97,2010
1c22GXH30ijlOfXhfLz9Df,127,2005
3qZ2n5keOAat1SoF6bHwmb,102,_
3PfJE6ebCbCHeuqO4BfNeA,128,1995
3IpQziA6YwD53PQ5xbwgLF,129,_
05oH07COxkXKIMt6mIPRee,130,1995
05oH07COxkXKIMt6mIPRee,38,1999
7iWcRnQMinCoV2u5ICgsW0,131,2003
7iWcRnQMinCoV2u5ICgsW0,77,1992
7iWcRnQMinCoV2u5ICgsW0,132,2009
7iWcRnQMinCoV2u5ICgsW0,132,2012
7iWcRnQMinCoV2u5ICgsW0,73,2016
7iWcRnQMinCoV2u5ICgsW0,132,2017
432R46LaYsJZV2Gmc4jUV5,0,_
60rpJ9SgigSd16DOAG7GSa,84,1993
60rpJ9SgigSd16DOAG7GSa,133,1993
7C4sUpWGlTy7IANjruj02I,134,1992
7C4sUpWGlTy7IANjruj02I,135,1990
7C4sUpWGlTy7IANjruj02I,50,2009
7C4sUpWGlTy7IANjruj02I,15,1993
7C4sUpWGlTy7IANjruj02I,15,1994
7oEkUINVIj1Nr3Wnj8tzqr,102,_
7jmTilWYlKOuavFfmQAcu6,31,2011
7jmTilWYlKOuavFfmQAcu6,13,1995
2eogQKWWoohI3BSnoG7E2U,36,1979
4N5fp4zhTsVITZTVfsXpc2,40,2018
25NQNriVT2YbSW80ILRWJa,86,_
1nJvji2KIlWSseXRSlNYsC,13,2017
0FMucZsEnCxs5pqBjHjIc8,136,_
0FMucZsEnCxs5pqBjHjIc8,9,1965
7dnB1wSxbYa8CejeVg98hz,59,1993
71jzN72g8qWMCMkWC5p1Z0,63,2015
71jzN72g8qWMCMkWC5p1Z0,48,2015
71jzN72g8qWMCMkWC5p1Z0,48,2018
71jzN72g8qWMCMkWC5p1Z0,117,2007
71jzN72g8qWMCMkWC5p1Z0,117,2010
0vYQRW5LIDeYQOccTviQNX,60,_
0vYQRW5LIDeYQOccTviQNX,79,1972
0vYQRW5LIDeYQOccTviQNX,11,2006
0vYQRW5LIDeYQOccTviQNX,13,2014
0vYQRW5LIDeYQOccTviQNX,62,2003
6I3M904Y9IwgDjrQ9pANiB,29,_
0Kekt6CKSo0m5mivKcoH51,111,1932
1pTuR132U5b4Rizal2Pr7m,98,1987
1pTuR132U5b4Rizal2Pr7m,98,1988
1pTuR132U5b4Rizal2Pr7m,99,1988
1pTuR132U5b4Rizal2Pr7m,99,1989
1pTuR132U5b4Rizal2Pr7m,99,1990
1pTuR132U5b4Rizal2Pr7m,81,1988
1pTuR132U5b4Rizal2Pr7m,81,1989
1pTuR132U5b4Rizal2Pr7m,81,1990
78sEozQOEJxzXegUuqRSgH,109,_
78sEozQOEJxzXegUuqRSgH,29,_
78sEozQOEJxzXegUuqRSgH,87,2010
78sEozQOEJxzXegUuqRSgH,137,2013
78sEozQOEJxzXegUuqRSgH,110,2006
78sEozQOEJxzXegUuqRSgH,111,2007
78sEozQOEJxzXegUuqRSgH,114,2000
78sEozQOEJxzXegUuqRSgH,114,2006
78sEozQOEJxzXegUuqRSgH,138,2005
78sEozQOEJxzXegUuqRSgH,105,2009
4x7kxyIgzgtrHYDQ8SCzo2,139,2022
6YHEMoNPbcheiWS2haGzkn,29,_
7GaxyUddsPok8BuhxN6OUW,0,_
7GaxyUddsPok8BuhxN6OUW,13,1992
77ZUbcdoU5KCPHNUl8bgQy,5,1965
3mQBpAOMWYqAZyxtyeo4Lo,5,1978
5JYtpnUKxAzXfHEYpOeeit,67,2005
7w29UYBi0qsHi5RTcv3lmA,129,_
7w29UYBi0qsHi5RTcv3lmA,140,_
7w29UYBi0qsHi5RTcv3lmA,50,2010
7w29UYBi0qsHi5RTcv3lmA,141,1997
6HclTVD03WSY6GUpN16BkP,109,_
6HclTVD03WSY6GUpN16BkP,29,_
6HclTVD03WSY6GUpN16BkP,110,1994
6HclTVD03WSY6GUpN16BkP,142,2015
6HclTVD03WSY6GUpN16BkP,111,2003
6HclTVD03WSY6GUpN16BkP,114,2002
6HclTVD03WSY6GUpN16BkP,114,2005
6HclTVD03WSY6GUpN16BkP,78,2012
7EM9m7HOXxVgP9oEpDDv70,67,2007
1csBgT42N4pPPs1HJhxXIK,63,2014
0Y8KmFkKOgJybpVobn1onU,31,1998
5dbuFbrHa1SJlQhQX9OUJ2,31,2007
5dbuFbrHa1SJlQhQX9OUJ2,143,2015
66NweiA3nU84k1S3SZdTSG,144,2010
5ixB75BQR3ADoWQkcHQJTs,13,2009
4NgfOZCL9Ml67xzM0xzIvC,13,2005
74oJ4qxwOZvX6oSsu1DGnw,13,2006
5fsDcuclIe8ZiBD5P787K1,29,_
1XgFuvRd7r5g0h844A5ZUQ,101,_
7fIvjotigTGWqjIz6EP1i4,13,2009
5BwMgvRwlq61SmknvsVIQj,40,2020
695W5F2Ih8dYahLdjVOIoH,5,1981
695W5F2Ih8dYahLdjVOIoH,18,1982
2M4eNCvV3CJUswavkhAQg2,29,_
2M4eNCvV3CJUswavkhAQg2,63,2008
4NgNsOXSwIzXlUIJcpnNUp,70,1998
4NgNsOXSwIzXlUIJcpnNUp,70,2004
4NgNsOXSwIzXlUIJcpnNUp,118,1992
4NgNsOXSwIzXlUIJcpnNUp,145,2004
4NgNsOXSwIzXlUIJcpnNUp,71,2000
4NgNsOXSwIzXlUIJcpnNUp,146,1998
4NgNsOXSwIzXlUIJcpnNUp,39,1997
4NgNsOXSwIzXlUIJcpnNUp,39,1999
4wQ3PyMz3WwJGI5uEqHUVR,13,2012
5tTsrGPwQRWUsHR2Xf7Ke9,31,1993
5lkiCO9UQ8B23dZ1o0UV4m,62,2014
10naVTwNjE50daQVrN0bXh,102,_
12l1SqSNsg2mI2IcXpPWjR,32,2023
12l1SqSNsg2mI2IcXpPWjR,18,2023
2qn4hIXsvRUyFoboMi31XB,131,2001
2qn4hIXsvRUyFoboMi31XB,120,1994
2qn4hIXsvRUyFoboMi31XB,77,2008
6wWVKhxIU2cEi0K81v7HvP,147,2005
6wWVKhxIU2cEi0K81v7HvP,148,2005
6wWVKhxIU2cEi0K81v7HvP,73,2011
6wWVKhxIU2cEi0K81v7HvP,149,2017
1dfeR4HaWDbWqFHLkxsg1d,13,2018
31TPClRtHm23RisEBtV3X7,82,_
31TPClRtHm23RisEBtV3X7,8,2007
31TPClRtHm23RisEBtV3X7,8,2014
7n2Ycct7Beij7Dj7meI4X0,150,_
6deZN1bslXzeGvOLaLMOIF,101,_
3BmGtnKgCSGYIUhmivXKWX,24,2006
3BmGtnKgCSGYIUhmivXKWX,24,2013
3BmGtnKgCSGYIUhmivXKWX,39,2006
4OBJLual30L7gRl5UkeRcT,26,2007
4OBJLual30L7gRl5UkeRcT,8,2007
5NGO30tJxFlKixkPSgXcFE,29,_
4vhNDa5ycK0ST968ek7kRr,144,2023
4vhNDa5ycK0ST968ek7kRr,40,2020
4vhNDa5ycK0ST968ek7kRr,126,2022
085pc2PYOi8bGKj0PNjekA,29,_
6IdtcAwaNVAggwd6sCKgTI,53,2011
6wH6iStAh4KIaWfuhf0NYM,122,2007
3SUT1jjM5hzZj9TLfLZGIP,69,2023
3sgFRtyBnxXD5ESfmbK4dl,151,2012
1IQ2e1buppatiN1bxUVkrk,29,_
1co4F2pPNH8JjTutZkmgSm,13,2011
3AuMNF8rQAKOzjYppFNAoB,8,2003
3AuMNF8rQAKOzjYppFNAoB,8,2012
2dd5mrQZvg6SmahdgVKDzh,82,_
5kSJMVPcTITrSZxTrHllVN,152,2017
27Owkm4TGlMqb0BqaEt3PW,54,2012
27Owkm4TGlMqb0BqaEt3PW,54,2020
27Owkm4TGlMqb0BqaEt3PW,54,2023
6kBDZFXuLrZgHnvmPu9NsG,4,2015
11TplWqOPQBTmg2eiSLt1m,153,2004
2s4tjL6W3qrblOe0raIzwJ,0,_
2s4tjL6W3qrblOe0raIzwJ,5,1981
1YZhNFBxkEB5UKTgMDvot4,82,_
1YZhNFBxkEB5UKTgMDvot4,106,2004
1YZhNFBxkEB5UKTgMDvot4,106,2010
1YZhNFBxkEB5UKTgMDvot4,106,2015
5GtMEZEeFFsuHY8ad4kOxv,17,2010
5GtMEZEeFFsuHY8ad4kOxv,9,1995
5GtMEZEeFFsuHY8ad4kOxv,12,1995
5GtMEZEeFFsuHY8ad4kOxv,16,1995
0AD4odMWVQ2wUSlgxOB5Rl,0,_
5lwmRuXgjX8xIwlnauTZIP,23,_
5lwmRuXgjX8xIwlnauTZIP,127,2023
1GxkXlMwML1oSg5eLPiAz3,29,_
1hcdI2N1023RvSwLzTtdsp,122,2015
1hcdI2N1023RvSwLzTtdsp,122,2020
2VZNmg4vCnew4Pavo8zDdW,100,2013
2VZNmg4vCnew4Pavo8zDdW,117,2008
4D75GcNG95ebPtNvoNVXhz,27,_
6ogn9necmbUdCppmNnGOdi,70,1996
6ogn9necmbUdCppmNnGOdi,70,1997
6ogn9necmbUdCppmNnGOdi,44,1997
6ogn9necmbUdCppmNnGOdi,154,1995
6ogn9necmbUdCppmNnGOdi,154,1998
6ogn9necmbUdCppmNnGOdi,3,1995
6ogn9necmbUdCppmNnGOdi,5,1995
6ogn9necmbUdCppmNnGOdi,118,2000
6ogn9necmbUdCppmNnGOdi,145,2009
6ogn9necmbUdCppmNnGOdi,71,1997
6ogn9necmbUdCppmNnGOdi,146,1996
6ogn9necmbUdCppmNnGOdi,146,1997
6ogn9necmbUdCppmNnGOdi,72,2003
2Hkut4rAAyrQxRdof7FVJq,155,1975
2Hkut4rAAyrQxRdof7FVJq,156,1978
2Hkut4rAAyrQxRdof7FVJq,156,1979
3OcvS8PzSGYMBvLdzY6g3e,144,2018
3c96G4d2lUOxhomM2mby5S,148,2006
3c96G4d2lUOxhomM2mby5S,148,2008
36QJpDe2go2KgaRleHCDTp,77,2013
36QJpDe2go2KgaRleHCDTp,13,2005
5y2Xq6xcjJb2jVM54GHK3t,32,_
5y2Xq6xcjJb2jVM54GHK3t,18,2015
5fMUXHkw8R8eOP2RNVYEZX,4,2016
3hv9jJF3adDNsBSIQDqcjp,18,2019
4frXpPxQQZwbCu3eTGnZEw,20,2021
4frXpPxQQZwbCu3eTGnZEw,8,2016
26AHtbjWKiwYzsoGoUZq53,157,2013
26AHtbjWKiwYzsoGoUZq53,157,2015
69UypehHabb68utzfjAVlV,22,2008
4xFUf1FHVy696Q1JQZMTRj,158,_
4xFUf1FHVy696Q1JQZMTRj,86,_
5nGIFgo0shDenQYSE0Sn7c,159,2003
66lH4jAE7pqPlOlzUKbwA0,85,2015
2x9SpqnPi8rlE9pjHBwmSC,1,1984
2AsusXITU8P25dlRNhcAbG,101,_
7AcV1lk8Zrgo1691PDWEle,160,_
3kjuyTCjPG1WMFCiyc5IuB,156,2011
4kLvhMAuCloLxoP1aVM7Lr,48,2008
7Dx7RhX0mFuXhCOUgB01uM,82,_
25THA9HUHoxpCT4LBp7UsZ,54,2021
25THA9HUHoxpCT4LBp7UsZ,53,2013
25THA9HUHoxpCT4LBp7UsZ,53,2021
6eJqAWJdd8JhAN1pQGie4r,161,2007
6eJqAWJdd8JhAN1pQGie4r,161,2011
5P5FTygHyx2G57oszR3Wot,158,_
3tVQdUvClmAT7URs9V3rsp,162,_
3tVQdUvClmAT7URs9V3rsp,107,_
3tVQdUvClmAT7URs9V3rsp,29,_
0Dvx6p8JDyzeOPGmaCIH1L,163,2016
0Dvx6p8JDyzeOPGmaCIH1L,163,2017
6WY7D3jk8zTrHtmkqqo5GI,86,_
0yNSzH5nZmHzeE2xn6Xshb,122,2011
0yNSzH5nZmHzeE2xn6Xshb,40,2011
63wjoROpeh5f11Qm93UiJ1,130,2009
26bcq2nyj5GB7uRr558iQg,1,1983
26bcq2nyj5GB7uRr558iQg,133,1983
1CFCsEqKrCyvAFKOATQHiW,164,2015
1CFCsEqKrCyvAFKOATQHiW,165,2017
1CFCsEqKrCyvAFKOATQHiW,166,2012
1CFCsEqKrCyvAFKOATQHiW,166,2014
1CFCsEqKrCyvAFKOATQHiW,166,2015
1CFCsEqKrCyvAFKOATQHiW,167,2014
1CFCsEqKrCyvAFKOATQHiW,167,2015
1EfwyuCzDQpCslZc8C9gkG,163,2022
5T0MSzX9RC5NA6gAI6irSn,8,2009
5pKCCKE2ajJHZ9KAiaK11H,20,2014
5pKCCKE2ajJHZ9KAiaK11H,15,2013
5pKCCKE2ajJHZ9KAiaK11H,8,2008
5pKCCKE2ajJHZ9KAiaK11H,8,2010
5pKCCKE2ajJHZ9KAiaK11H,8,2012
5pKCCKE2ajJHZ9KAiaK11H,8,2015
5pKCCKE2ajJHZ9KAiaK11H,8,2018
21E3waRsmPlU7jZsS13rcj,29,_
53KTldaJ8tHSkYU3nigfwP,144,2016
53KTldaJ8tHSkYU3nigfwP,40,2006
53KTldaJ8tHSkYU3nigfwP,40,2016
53KTldaJ8tHSkYU3nigfwP,40,2023
2sG4zTOLvjKG1PSoOyf5Ej,61,2019
6eUKZXaKkcviH0Ku9w2n3V,24,2018
6eUKZXaKkcviH0Ku9w2n3V,19,2016
6eUKZXaKkcviH0Ku9w2n3V,19,2018
6eUKZXaKkcviH0Ku9w2n3V,16,2016
06HL4z0CvFAxyc27GXpf02,24,2016
06HL4z0CvFAxyc27GXpf02,79,2010
06HL4z0CvFAxyc27GXpf02,79,2012
06HL4z0CvFAxyc27GXpf02,44,2009
06HL4z0CvFAxyc27GXpf02,44,2013
06HL4z0CvFAxyc27GXpf02,44,2018
06HL4z0CvFAxyc27GXpf02,44,2019
06HL4z0CvFAxyc27GXpf02,168,2009
06HL4z0CvFAxyc27GXpf02,168,2015
06HL4z0CvFAxyc27GXpf02,168,2019
06HL4z0CvFAxyc27GXpf02,169,2010
06HL4z0CvFAxyc27GXpf02,5,2010
06HL4z0CvFAxyc27GXpf02,5,2016
06HL4z0CvFAxyc27GXpf02,15,2016
06HL4z0CvFAxyc27GXpf02,85,2010
06HL4z0CvFAxyc27GXpf02,81,2009
06HL4z0CvFAxyc27GXpf02,81,2011
06HL4z0CvFAxyc27GXpf02,81,2013
06HL4z0CvFAxyc27GXpf02,86,2008
06HL4z0CvFAxyc27GXpf02,86,2009
06HL4z0CvFAxyc27GXpf02,86,2010
06HL4z0CvFAxyc27GXpf02,86,2011
06HL4z0CvFAxyc27GXpf02,86,2012
06HL4z0CvFAxyc27GXpf02,86,2013
06HL4z0CvFAxyc27GXpf02,170,2015
0GM7qgcRCORpGnfcN2tCiB,69,_
7gOdHgIoIKoe4i9Tta6qdD,158,_
4FpJcNgOvIpSBeJgRg3OfN,171,2012
4FpJcNgOvIpSBeJgRg3OfN,172,2009
2IvkS5MXK0vPGnwyJsrEyV,80,2020
28ExwzUQsvgJooOI0X1mr3,29,_
5lKZWd6HiSCLfnDGrq9RAm,101,_
7MzHPIXAqIOCnvK0sVY72W,148,2016
4Kxlr1PRlDKEB0ekOCyHgX,82,_
6jJ0s89eD6GaHleKKya26X,44,2012
6jJ0s89eD6GaHleKKya26X,44,2014
6jJ0s89eD6GaHleKKya26X,168,2014
6jJ0s89eD6GaHleKKya26X,170,2014
07YZf4WDAMNwqr4jfgOZ8y,173,2010
4YLtscXsxbVgi031ovDDdh,61,2016
4IKVDbCSBTxBeAsMKjAuTs,174,2020
70kkdajctXSbqSMJbQO424,85,_
70kkdajctXSbqSMJbQO424,79,_
07QEuhtrNmmZ0zEcqE9SF6,101,_
6oBm8HB0yfrIc9IHbxs6in,175,2011
2wY79sveU1sp5g7SokKOiI,9,2015
2wY79sveU1sp5g7SokKOiI,24,2015
2wY79sveU1sp5g7SokKOiI,16,2015
2wY79sveU1sp5g7SokKOiI,107,_
2wY79sveU1sp5g7SokKOiI,18,2016
4dpARuHxo51G3z768sgnrY,9,2012
4dpARuHxo51G3z768sgnrY,9,2017
4dpARuHxo51G3z768sgnrY,24,2012
4dpARuHxo51G3z768sgnrY,24,2017
4dpARuHxo51G3z768sgnrY,176,2016
4dpARuHxo51G3z768sgnrY,19,2012
4dpARuHxo51G3z768sgnrY,19,2013
4dpARuHxo51G3z768sgnrY,19,2017
4dpARuHxo51G3z768sgnrY,5,2012
4dpARuHxo51G3z768sgnrY,5,2017
4dpARuHxo51G3z768sgnrY,15,2012
4dpARuHxo51G3z768sgnrY,39,2009
4dpARuHxo51G3z768sgnrY,16,2012
4dpARuHxo51G3z768sgnrY,16,2017
4dpARuHxo51G3z768sgnrY,32,2012
4dpARuHxo51G3z768sgnrY,18,2013
1HY2Jd0NmPuamShAr6KMms,101,_
1HY2Jd0NmPuamShAr6KMms,4,2010
1HY2Jd0NmPuamShAr6KMms,24,2011
1HY2Jd0NmPuamShAr6KMms,19,2019
1HY2Jd0NmPuamShAr6KMms,44,2010
1HY2Jd0NmPuamShAr6KMms,44,2017
1HY2Jd0NmPuamShAr6KMms,177,2020
1HY2Jd0NmPuamShAr6KMms,6,2019
1HY2Jd0NmPuamShAr6KMms,15,2011
1HY2Jd0NmPuamShAr6KMms,39,2011
1HY2Jd0NmPuamShAr6KMms,32,2019
1HY2Jd0NmPuamShAr6KMms,18,2019
1HY2Jd0NmPuamShAr6KMms,49,2019
3TVXtAsR1Inumwj472S9r4,26,2016
3TVXtAsR1Inumwj472S9r4,26,2017
3TVXtAsR1Inumwj472S9r4,8,2017
0hCNtLu0JehylgoiP8L4Gh,26,2011
0hCNtLu0JehylgoiP8L4Gh,26,2012
0hCNtLu0JehylgoiP8L4Gh,26,2015
0C8ZW7ezQVs4URX5aX7Kqx,44,2016
2h93pZq0e7k5yf4dywlkpM,20,2013
2h93pZq0e7k5yf4dywlkpM,8,2013
66CXWjxzNUsdJxJ2JdwvnR,158,_
66CXWjxzNUsdJxJ2JdwvnR,29,_
1vCWHaC5f2uS3yhpwWbIA6,175,_
1vCWHaC5f2uS3yhpwWbIA6,173,_
0fA0VVWsXO9YnASrzqfmYu,8,2012
5he5w2lnU9x7JFhnwcekXX,4,2012
5he5w2lnU9x7JFhnwcekXX,4,2013
1aS5tqEs9ci5P9KD9tZWa6,163,2016
4myTppRgh0rojLxx8RycOp,33,2014
6sFIWsNpZYqfjUpaCgueju,158,2012
6sFIWsNpZYqfjUpaCgueju,173,2012
6hk7Yq1DU9QcCCrz9uc0Ti,101,_
53XhwfbYqKCa1cC15pYq2q,29,_
0du5cEVh5yTK9QJze8zA0C,82,_
0du5cEVh5yTK9QJze8zA0C,16,2018
1uNFoZAHBGtllmzznpCI3s,158,_
1uNFoZAHBGtllmzznpCI3s,169,2011
1uNFoZAHBGtllmzznpCI3s,169,2012
3wcj11K77LjEY1PkEazffa,178,_
3wcj11K77LjEY1PkEazffa,107,_
3wcj11K77LjEY1PkEazffa,29,_
3Y7RZ31TRPVadSFVy1o8os,16,2001
3gd8FJtBJtkRxdfbTu19U2,5,2013
3gd8FJtBJtkRxdfbTu19U2,179,2011
4VIvfOurcf0vuLRxLkGnIG,29,_
2YZyLoL8N0Wb9xBt1NhZWg,33,2015
2YZyLoL8N0Wb9xBt1NhZWg,33,2016
2YZyLoL8N0Wb9xBt1NhZWg,33,2018
2YZyLoL8N0Wb9xBt1NhZWg,33,2019
2YZyLoL8N0Wb9xBt1NhZWg,33,2023
2YZyLoL8N0Wb9xBt1NhZWg,125,2018
2YZyLoL8N0Wb9xBt1NhZWg,8,2016
3Nrfpe0tUJi4K4DXYWgMUX,7,2020
3Nrfpe0tUJi4K4DXYWgMUX,7,2021
4AK6F7OLvEQ5QYCBNiQWHq,169,2013
6VuMaDnrHyPL1p4EHjYLi7,173,2015
6VuMaDnrHyPL1p4EHjYLi7,47,2016
4jogXSSvlyMkODGSZ2wc2P,180,2012
4jogXSSvlyMkODGSZ2wc2P,180,2017
4jogXSSvlyMkODGSZ2wc2P,181,2017
2SrSdSvpminqmStGELCSNd,107,_
5BcAKTbp20cv7tC5VqPFoC,26,2013
5BcAKTbp20cv7tC5VqPFoC,33,2013
6nS5roXSAGhTGr34W6n7Et,68,2019
5CCwRZC6euC8Odo6y9X8jr,82,_
2gsggkzM5R49q6jpPvazou,107,_
0XK6kT7xcZAlcYrNjOgzJe,122,2012
0XK6kT7xcZAlcYrNjOgzJe,122,2016
053q0ukIDRgzwTr4vNSwab,182,2013
1Xyo4u8uXC1ZmMpatF05PJ,183,2013
1Xyo4u8uXC1ZmMpatF05PJ,20,2016
73sIBHcqh3Z3NyqHKZ7FOL,29,_
13ZEDW6vyBF12HYcZRr4EV,179,2018
5TYxZTjIPqKM8K8NuP9woO,122,2018
5TYxZTjIPqKM8K8NuP9woO,122,2021
5TYxZTjIPqKM8K8NuP9woO,126,2021
1anyVhU62p31KFi8MEzkbf,33,2017
4boI7bJtmB1L3b1cuL75Zr,122,2017
4boI7bJtmB1L3b1cuL75Zr,53,2020
3SCOuAxngTC1yGjKMcIPEd,126,2023
5eioJDe26lOqkAMbuhzZYs,149,2016
6sCbFbEjbYepqswM1vWjjs,184,2016
6sCbFbEjbYepqswM1vWjjs,184,2017
6sCbFbEjbYepqswM1vWjjs,184,2019
790FomKkXshlbRYZFtlgla,69,2021
26VFTg2z8YR0cCuwLzESi2,68,2019
26VFTg2z8YR0cCuwLzESi2,185,2018
64M6ah0SkkRsnPGtGiRAbb,181,2019
23fqKkggKUBHNkbKtXEls4,186,2015
23fqKkggKUBHNkbKtXEls4,187,2019
23fqKkggKUBHNkbKtXEls4,93,2015
5Rl15oVamLq7FbSb0NNBNy,158,_
5Rl15oVamLq7FbSb0NNBNy,188,2014
5Rl15oVamLq7FbSb0NNBNy,188,2015
5Rl15oVamLq7FbSb0NNBNy,169,2015
60d24wfXkVzDSfLS6hyCjZ,68,2019
163tK9Wjr9P9DmM0AVK7lm,169,2014
4NHQUGzhtTLFvgF5SZesLK,175,2015
1Xylc3o4UrD53lo9CvFvVg,189,2020
1Xylc3o4UrD53lo9CvFvVg,190,2017
1WgXqy2Dd70QQOU7Ay074N,187,2022
1WgXqy2Dd70QQOU7Ay074N,191,2021
1WgXqy2Dd70QQOU7Ay074N,94,2016
1WgXqy2Dd70QQOU7Ay074N,192,2016
3utZ2yeQk0Z3BCOBWP7Vlu,163,2012
3utZ2yeQk0Z3BCOBWP7Vlu,163,2014
3utZ2yeQk0Z3BCOBWP7Vlu,163,2015
40LHVA5BTQp9RxHOQ9JPYj,116,_
56oDRnqbIiwx4mymNEv7dS,19,2020
56oDRnqbIiwx4mymNEv7dS,20,2020
56oDRnqbIiwx4mymNEv7dS,37,2020
2ysnwxxNtSgbb9t1m2Ur4j,157,2015
3CDoRporvSjdzTrm99a3gi,193,2021
3CDoRporvSjdzTrm99a3gi,193,2022
3CDoRporvSjdzTrm99a3gi,194,2017
3CDoRporvSjdzTrm99a3gi,195,2020
45eNHdiiabvmbp4erw26rg,68,2019
2W8yFh0Ga6Yf3jiayVxwkE,158,_
1hzfo8twXdOegF3xireCYs,76,2018
2kucQ9jQwuD8jWdtR9Ef38,158,_
1l8Fu6IkuTP0U5QetQJ5Xt,169,2016
5cj0lLjcoR7YOSnhnX0Po5,158,2020
5cj0lLjcoR7YOSnhnX0Po5,6,2022
7n2wHs1TKAczGzO7Dd2rGr,169,2017
7n2wHs1TKAczGzO7Dd2rGr,169,2018
1z4g3DjTBBZKhvAroFlhOM,150,2015
1z4g3DjTBBZKhvAroFlhOM,150,2016
1z4g3DjTBBZKhvAroFlhOM,150,2017
1z4g3DjTBBZKhvAroFlhOM,196,2017
1z4g3DjTBBZKhvAroFlhOM,197,2015
6RdcIWVKYYzNzjQRd3oyHS,153,2022
6t1gpxYbY8OlLA7D2RiikQ,156,2020
6M2wZ9GZgrQXHCFfjv46we,24,2021
6M2wZ9GZgrQXHCFfjv46we,176,2018
4q3ewBCX7sLwd24euuV69X,69,_
4q3ewBCX7sLwd24euuV69X,198,_
4q3ewBCX7sLwd24euuV69X,198,2022
4q3ewBCX7sLwd24euuV69X,69,2020
64KEffDW9EtZ1y2vBYgq8T,68,2019
4nDoRrQiYLoBzwC5BhVJzF,158,2018
4nDoRrQiYLoBzwC5BhVJzF,177,2018
4kYSro6naA4h99UJvo89HB,26,2018
4kYSro6naA4h99UJvo89HB,26,2019
4kYSro6naA4h99UJvo89HB,151,2019
6qqNVTkY8uBg9cP3Jd7DAH,29,_
6qqNVTkY8uBg9cP3Jd7DAH,9,2020
6qqNVTkY8uBg9cP3Jd7DAH,9,2021
6qqNVTkY8uBg9cP3Jd7DAH,24,2020
6qqNVTkY8uBg9cP3Jd7DAH,158,2019
6qqNVTkY8uBg9cP3Jd7DAH,169,2019
6qqNVTkY8uBg9cP3Jd7DAH,5,2020
6qqNVTkY8uBg9cP3Jd7DAH,16,2020
7ltDVBr6mKbRvohxheJ9h1,122,2018
7ltDVBr6mKbRvohxheJ9h1,199,2022
1McMsnEElThX1knmY4oliG,24,2022
1McMsnEElThX1knmY4oliG,19,2022
1McMsnEElThX1knmY4oliG,158,2021
1McMsnEElThX1knmY4oliG,169,2022
0XwVARXT135rw8lyw1EeWP,34,2022
0XwVARXT135rw8lyw1EeWP,34,2023
5ZsFI1h6hIdQRw2ti0hz81,158,_
1Hsdzj7Dlq2I7tHP7501T4,158,_
0lAWpj5szCSwM4rUMHYmrr,200,2021
2dIgFjalVxs4ThymZ67YCE,197,2019
2dIgFjalVxs4ThymZ67YCE,201,2020
7eLcDZDYHXZCebtQmVFL25,57,2021
7eLcDZDYHXZCebtQmVFL25,152,_
2tIP7SsRs7vjIcLrU85W8J,169,2021
7jVv8c5Fj3E9VhNjxT4snq,6,2020
7jVv8c5Fj3E9VhNjxT4snq,15,2020
3uwAm6vQy7kWPS2bciKWx9,93,2021
3uwAm6vQy7kWPS2bciKWx9,191,2020
3uwAm6vQy7kWPS2bciKWx9,202,2021
3uwAm6vQy7kWPS2bciKWx9,203,2020
6fWVd57NKTalqvmjRd2t8Z,169,2020
5XQWXnMwsvuvCPMneXUbsy,204,_
0ghlgldX5Dd6720Q3qFyQB,197,2020
2KC9Qb60EaY0kW4eH68vr3,197,2020
4yxLYO2imECxGYTTV7RQKb,204,_
5t5FqBwTcgKTaWmfEbwQY9,197,2021
6PvvGcCY2XtUcSRld1Wilr,16,2022
